City_ID,City,Country,Lat,Lng,Max Temp,Humidity,Cloudiness,Wind Speed,Current Description
0,Thompson,CA,55.7435,-97.8558,33.8,93,90,14.97,light snow
1,Dolores,AR,-36.3132,-57.6792,66.67,88,36,7.94,scattered clouds
2,Albany,US,42.6001,-73.9662,59.0,22,20,14.97,few clouds
3,Kaitangata,NZ,-46.2817,169.8464,64.0,45,16,15.01,few clouds
4,Camiri,BO,-20.05,-63.5167,80.6,69,90,4.09,overcast clouds
5,Cidreira,BR,-30.1811,-50.2056,73.44,78,82,16.37,broken clouds
6,Saint Anthony,US,45.0205,-93.218,84.2,28,20,11.5,few clouds
7,Margate,GB,51.3813,1.3862,39.99,42,6,8.01,clear sky
8,Tasiilaq,GL,65.6145,-37.6368,15.8,86,75,21.85,light rain
9,Puerto Ayora,EC,-0.7393,-90.3518,86.0,66,20,17.27,few clouds
10,Galesong,ID,-5.3166,119.3661,75.2,100,20,2.3,few clouds
11,Gao,ML,16.6362,1.637,84.07,5,2,8.93,clear sky
12,Victoria,HK,22.2855,114.1577,73.0,84,100,1.01,overcast clouds
13,Kodiak,US,57.79,-152.4072,39.2,30,1,24.16,clear sky
14,Bredasdorp,ZA,-34.5322,20.0403,59.0,94,100,6.91,overcast clouds
15,Alyangula,AU,-13.8483,136.4192,81.25,53,8,2.55,clear sky
16,Husavik,IS,66.0449,-17.3389,17.6,79,40,3.44,light snow
17,Boysun,UZ,38.2061,67.1986,42.85,60,3,3.87,clear sky
18,Santander,ES,43.4647,-3.8044,54.0,76,90,5.75,overcast clouds
19,Ushuaia,AR,-54.8,-68.3,41.0,75,0,3.44,clear sky
20,Punta Arenas,CL,-53.15,-70.9167,46.4,61,0,8.05,clear sky
21,Rikitea,PF,-23.1203,-134.9692,78.39,67,46,13.78,scattered clouds
22,Homer,US,59.6425,-151.5483,30.2,59,1,6.91,clear sky
23,Price,US,39.5994,-110.8107,73.4,8,1,24.16,clear sky
24,Vaini,TO,-21.2,-175.2,80.6,69,20,11.5,few clouds
25,Mataura,NZ,-46.1927,168.8643,61.0,71,51,5.01,broken clouds
26,Hobart,AU,-42.8794,147.3294,59.0,82,20,5.75,few clouds
27,Saint-Philippe,RE,-21.3585,55.7679,78.8,69,0,6.91,clear sky
28,Iqaluit,CA,63.7506,-68.5145,21.2,73,75,17.27,snow
29,Te Anau,NZ,-45.4167,167.7167,56.3,69,69,6.69,broken clouds
30,Kapaa,US,22.0752,-159.319,80.6,57,75,23.02,broken clouds
31,Arman,RU,59.7,150.1667,18.7,85,100,5.46,overcast clouds
32,Vanimo,PG,-2.6741,141.3028,79.05,84,100,4.14,overcast clouds
33,Fairbanks,US,64.8378,-147.7164,10.99,66,90,14.97,overcast clouds
34,Butaritari,KI,3.0707,172.7902,80.6,81,100,14.56,moderate rain
35,Yumen,CN,40.2833,97.2,38.34,81,100,7.58,overcast clouds
36,Atuona,PF,-9.8,-139.0333,80.29,79,21,9.08,light rain
37,Carnarvon,AU,-24.8667,113.6333,73.4,78,71,12.66,broken clouds
38,Arraial Do Cabo,BR,-22.9661,-42.0278,73.4,83,75,3.44,broken clouds
39,Provideniya,RU,64.3833,-173.3,5.0,72,90,20.13,snow
40,Bambous Virieux,MU,-20.3428,57.7575,78.8,78,40,6.91,scattered clouds
41,Khatanga,RU,71.9667,102.5,6.42,91,100,4.05,overcast clouds
42,Pacific Grove,US,36.6177,-121.9166,57.2,62,75,11.5,broken clouds
43,Mandalgovi,MN,45.7625,106.2708,33.73,49,0,7.43,clear sky
44,Gravdal,NO,68.1214,13.5031,38.32,83,100,21.72,overcast clouds
45,Ponta Do Sol,PT,32.6667,-17.1,57.99,66,96,3.0,overcast clouds
46,Comodoro Rivadavia,AR,-45.8667,-67.5,55.4,71,75,13.8,broken clouds
47,Busselton,AU,-33.65,115.3333,57.0,98,61,3.8,broken clouds
48,Tiznit,MA,29.5833,-9.5,57.0,78,79,2.8,broken clouds
49,Chuy,UY,-33.6971,-53.4616,69.69,82,62,11.45,broken clouds
50,Cherskiy,RU,68.75,161.3,-10.1,91,67,3.18,broken clouds
51,New Glasgow,CA,45.5834,-62.6486,42.01,100,100,14.97,overcast clouds
52,Souillac,MU,-20.5167,57.5167,78.8,78,40,6.91,scattered clouds
53,Hithadhoo,MV,-0.6,73.0833,83.97,69,97,15.5,overcast clouds
54,Qandala,SO,11.472,49.8728,80.67,39,6,3.47,clear sky
55,Sur,OM,22.5667,59.5289,80.55,50,2,5.46,clear sky
56,Kantunilkin,MX,21.0917,-87.45,80.6,50,75,17.27,broken clouds
57,Jamestown,US,42.097,-79.2353,51.8,37,90,5.75,moderate rain
58,Maniitsoq,GL,65.4167,-52.9,27.39,96,100,3.53,snow
59,Skoghall,SE,59.3232,13.4655,33.8,51,10,8.05,clear sky
60,Olafsvik,IS,64.8945,-23.7142,28.54,94,98,10.18,light snow
61,Tuktoyaktuk,CA,69.4541,-133.0374,-5.8,77,75,24.16,snow
62,Pangnirtung,CA,66.1451,-65.7125,15.8,73,75,8.05,light snow
63,Bubaque,GW,11.2833,-15.8333,76.28,82,1,20.33,clear sky
64,Keokuk,US,40.3973,-91.3849,78.8,44,1,14.97,clear sky
65,Mount Isa,AU,-20.7333,139.5,78.8,57,33,10.36,scattered clouds
66,Maldonado,UY,-34.6667,-54.9167,72.0,88,0,8.05,clear sky
67,Nenagh,IE,52.8619,-8.1967,33.8,80,0,2.3,clear sky
68,Hermanus,ZA,-34.4187,19.2345,60.01,89,100,5.01,overcast clouds
69,Barra Do Corda,BR,-5.5,-45.25,74.3,95,100,2.51,overcast clouds
70,Ribeira Grande,PT,38.5167,-28.7,60.8,82,75,17.27,broken clouds
71,Hilo,US,19.7297,-155.09,75.2,73,90,14.97,light rain
72,Solano,US,38.2333,-121.9511,70.0,42,1,9.22,clear sky
73,Magadi,IN,12.9667,77.2333,69.8,94,20,4.61,mist
74,Barrow,US,71.2906,-156.7887,-0.4,65,75,11.5,broken clouds
75,Matara,LK,5.9485,80.5353,75.81,90,76,3.91,broken clouds
76,Cape Town,ZA,-33.9258,18.4232,63.0,82,0,16.11,clear sky
77,Airai,TL,-8.9266,125.4092,62.56,81,91,2.95,overcast clouds
78,Fereydun Kenar,IR,36.6864,52.5225,60.71,53,5,7.65,clear sky
79,Clyde River,CA,70.4692,-68.5914,1.4,78,75,11.5,broken clouds
80,Yuzhou,CN,34.1628,113.4639,37.4,93,61,2.24,mist
81,Codrington,AU,-38.2667,141.9667,61.95,66,100,8.43,overcast clouds
82,Coihaique,CL,-45.5752,-72.0662,62.6,51,75,10.36,broken clouds
83,Salalah,OM,17.0151,54.0924,77.0,88,0,2.3,clear sky
84,San Francisco Del Mar,MX,16.2333,-94.65,88.25,46,45,17.76,scattered clouds
85,Bilsanda,IN,28.25,79.95,74.05,13,61,7.7,broken clouds
86,Mahebourg,MU,-20.4081,57.7,78.8,78,40,6.91,scattered clouds
87,Fortuna,US,40.5982,-124.1573,61.0,58,1,16.11,clear sky
88,Vao,NC,-22.6667,167.4833,76.32,66,93,18.34,overcast clouds
89,Aketi,CD,2.7388,23.7833,75.36,78,92,4.61,overcast clouds
90,Porto Novo,BJ,6.4965,2.6036,84.2,79,40,12.66,scattered clouds
91,Boyolangu,ID,-8.1181,111.8935,75.25,90,100,2.66,overcast clouds
92,Leningradskiy,RU,69.3833,178.4167,0.93,90,97,3.24,overcast clouds
93,Namibe,AO,-15.1961,12.1522,77.07,77,5,3.78,clear sky
94,Tonekabon,IR,36.8163,50.8738,60.8,51,0,2.3,clear sky
95,Luanda,AO,-8.8368,13.2343,75.2,94,75,3.44,light rain
96,Tiksi,RU,71.6872,128.8694,-13.77,98,38,3.44,scattered clouds
97,Paciran,ID,-6.8767,112.3761,78.75,83,100,7.96,overcast clouds
98,Vila Velha,BR,-20.3297,-40.2925,75.2,78,40,5.75,scattered clouds
99,Quelimane,MZ,-17.8786,36.8883,77.0,83,20,2.3,few clouds
100,Kondinskoye,RU,59.6481,67.41,32.32,97,100,14.92,light snow
101,Cabo San Lucas,MX,22.8909,-109.9124,89.6,19,1,19.57,clear sky
102,Chamba,IN,32.5667,76.1333,62.24,66,100,9.57,overcast clouds
103,Vuktyl,RU,63.8567,57.3094,18.75,96,26,3.58,scattered clouds
104,Palmer,US,42.1584,-72.3287,60.8,20,40,19.57,scattered clouds
105,Vanavara,RU,60.34,102.2797,30.2,99,100,3.11,overcast clouds
106,Luau,AO,-10.7073,22.2247,63.66,95,99,3.42,overcast clouds
107,Gudivada,IN,16.45,80.9833,76.87,89,34,2.86,scattered clouds
108,Tiarei,PF,-17.5333,-149.3333,86.0,58,20,14.97,few clouds
109,Bayir,TR,37.2687,28.2167,64.4,55,75,16.11,broken clouds
110,Enshi,CN,30.3,109.4833,51.82,94,100,0.65,overcast clouds
111,Baykit,RU,61.67,96.37,27.34,99,100,2.53,overcast clouds
112,Paarl,ZA,-33.7338,18.9752,61.0,82,0,16.11,clear sky
113,Avarua,CK,-21.2078,-159.775,82.4,74,75,18.41,broken clouds
114,Tilichiki,RU,60.4667,166.1,1.99,86,45,10.07,scattered clouds
115,Toowoomba,AU,-27.55,151.9667,66.2,100,90,10.36,light rain
116,Nikolskoye,RU,59.7035,30.7861,37.0,86,90,6.71,light snow
117,Hasaki,JP,35.7333,140.8333,48.2,71,75,16.11,broken clouds
118,Oksfjord,NO,70.2396,22.3479,35.6,80,90,14.97,light snow
119,Klaksvik,FO,62.2266,-6.589,26.6,86,75,36.82,light snow
120,Norman Wells,CA,65.282,-126.8329,8.6,72,75,24.16,broken clouds
121,Chokurdakh,RU,70.6333,147.9167,-18.51,95,70,1.41,broken clouds
122,Yellowknife,CA,62.456,-114.3525,30.0,93,90,18.41,snow
123,Lagunillas,VE,10.1301,-71.2595,83.05,68,82,6.33,broken clouds
124,Sishui,CN,35.6489,117.2758,50.88,52,11,1.61,few clouds
125,Hualmay,PE,-11.0964,-77.6139,72.19,79,38,10.45,scattered clouds
126,Geraldton,AU,-28.7667,114.6,62.6,94,75,3.44,broken clouds
127,Fortuna Foothills,US,32.6578,-114.4119,93.2,10,1,24.16,clear sky
128,Sept-Iles,CA,50.2001,-66.3821,44.6,100,90,6.91,mist
129,Timra,SE,62.487,17.3257,36.0,60,18,18.41,few clouds
130,Bilibino,RU,68.0546,166.4372,-2.02,86,37,1.05,scattered clouds
131,Santa Isabel Do Rio Negro,BR,-0.4139,-65.0192,73.22,99,100,4.81,moderate rain
132,Los Llanos De Aridane,ES,28.6585,-17.9182,62.6,67,40,6.91,scattered clouds
133,Sakakah,SA,29.9697,40.2064,60.8,16,0,6.91,clear sky
134,Samarai,PG,-10.6167,150.6667,83.5,75,92,5.75,overcast clouds
135,Nouadhibou,MR,20.931,-17.0347,68.0,68,5,16.11,clear sky
136,Mount Gambier,AU,-37.8333,140.7667,59.0,72,34,11.5,scattered clouds
137,Laguna,US,38.421,-121.4238,72.0,40,1,6.91,clear sky
138,Nome,US,64.5011,-165.4064,1.99,71,90,14.97,overcast clouds
139,Broken Hill,AU,-31.95,141.4333,60.8,44,0,9.22,clear sky
140,Fort Nelson,CA,58.8053,-122.7002,48.2,37,75,11.5,broken clouds
141,Sompeta,IN,18.9333,84.6,76.69,86,0,7.56,clear sky
142,Kirovskiy,RU,45.0917,133.5136,42.58,42,82,7.36,broken clouds
143,Pyu,MM,18.4833,96.4333,68.45,91,99,3.58,overcast clouds
144,Port Elizabeth,ZA,-33.918,25.5701,59.0,100,90,3.44,light rain
145,Barra Do Garcas,BR,-15.89,-52.2567,84.2,74,0,3.11,clear sky
146,Bluff,NZ,-46.6,168.3333,61.0,71,54,5.01,broken clouds
147,Victor Harbor,AU,-35.5667,138.6167,59.0,85,0,10.0,clear sky
148,Bonavista,CA,48.6499,-53.1147,35.6,100,100,1.14,overcast clouds
149,Guerrero Negro,MX,27.9769,-114.0611,69.04,57,5,20.89,clear sky
150,Saiha,IN,22.4833,92.9667,61.7,69,2,3.71,clear sky
151,New Norfolk,AU,-42.7826,147.0587,55.99,59,5,2.13,clear sky
152,Lerwick,GB,60.1545,-1.1494,30.2,86,75,24.16,light snow
153,Gigmoto,PH,13.7796,124.39,79.45,81,77,11.12,broken clouds
154,Oulainen,FI,64.2667,24.8,28.0,86,68,7.0,broken clouds
155,Esperance,AU,-33.8667,121.9,69.8,60,49,14.97,scattered clouds
156,Katangli,RU,51.7102,143.2326,27.32,85,97,21.27,overcast clouds
157,Banda Aceh,ID,5.5577,95.3222,78.78,82,96,7.09,overcast clouds
158,Colwyn Bay,GB,53.2948,-3.7267,39.99,76,100,3.0,overcast clouds
159,Pinheiro Machado,BR,-31.5783,-53.3811,66.99,96,100,8.99,light rain
160,Hamilton,US,39.1834,-84.5333,75.2,40,1,9.22,clear sky
161,Liyang,CN,29.7057,118.2862,54.45,73,100,0.87,light rain
162,Port Alfred,ZA,-33.5906,26.891,62.71,81,100,10.13,light rain
163,Xinqing,CN,48.2333,129.5,36.66,56,6,4.52,clear sky
164,Tigil,RU,57.8,158.6667,25.47,83,100,10.6,overcast clouds
165,Saint George,US,37.1041,-113.5841,84.99,8,1,14.97,clear sky
166,Kampot,KH,10.6167,104.1833,82.4,69,40,12.66,scattered clouds
167,Sao Joao Da Barra,BR,-21.6403,-41.0511,73.99,72,64,6.87,broken clouds
168,Bengkulu,ID,-3.8004,102.2655,74.48,89,100,4.0,moderate rain
169,Kavieng,PG,-2.5744,150.7967,83.16,74,99,7.49,overcast clouds
170,Praia,CV,14.9215,-23.5087,75.2,43,0,23.02,clear sky
171,Chiapilla,MX,16.5167,-92.7333,86.0,42,75,23.02,broken clouds
172,Lebu,CL,-37.6167,-73.65,59.25,77,100,16.84,moderate rain
173,East London,ZA,-33.0153,27.9116,64.04,84,100,6.91,light rain
174,Pangai,TO,-19.8,-174.35,82.4,65,20,2.3,few clouds
175,Antofagasta,CL,-23.65,-70.4,66.2,82,40,13.8,scattered clouds
176,Saint-Augustin,CA,51.226,-58.6502,37.02,99,100,17.6,overcast clouds
177,Chala,TZ,-7.5833,31.2667,57.49,95,97,2.53,light rain
178,Dikson,RU,73.5069,80.5464,-5.49,100,95,2.59,overcast clouds
179,Rio Grande,BR,-32.035,-52.0986,72.0,89,72,1.99,broken clouds
180,Buin,CL,-33.7333,-70.75,71.6,56,0,11.5,clear sky
181,Constitucion,CL,-35.3333,-72.4167,57.42,90,100,6.17,overcast clouds
182,Puerto Carreno,CO,6.189,-67.4859,79.84,79,100,7.2,overcast clouds
183,Hokitika,NZ,-42.7167,170.9667,60.22,66,2,7.4,clear sky
184,Lamu,KE,-2.2717,40.902,82.4,83,1,9.37,clear sky
185,Cabedelo,BR,-6.9811,-34.8339,77.0,94,20,4.61,few clouds
186,Chabahar,IR,25.2919,60.643,79.0,61,45,19.69,scattered clouds
187,Simbahan,PH,6.3032,120.5836,82.51,75,100,11.56,overcast clouds
188,Komsomolskiy,UZ,40.4272,71.7189,46.4,61,62,4.61,broken clouds
189,Khandbari,NP,27.3747,87.2039,61.52,23,0,4.76,clear sky
190,Port Hedland,AU,-20.3167,118.5667,69.8,64,13,8.05,few clouds
191,Tarabuco,BO,-19.1667,-64.9167,50.79,79,88,5.3,overcast clouds
192,Tomatlan,MX,19.9333,-105.25,83.82,47,0,9.24,clear sky
193,Varel,DE,53.3969,8.1362,30.99,93,65,6.91,light snow
194,Rapid Valley,US,44.0625,-103.1463,68.0,24,1,18.41,clear sky
195,Henties Bay,NA,-22.116,14.2845,61.0,91,0,8.01,clear sky
196,Ostrovnoy,RU,68.0531,39.5131,35.71,88,100,25.52,overcast clouds
197,Lasa,IT,46.6166,10.7002,39.99,55,80,6.13,light rain
198,Pundri,IN,29.75,76.55,72.09,35,96,7.85,overcast clouds
199,Alofi,NU,-19.0595,-169.9187,82.4,78,88,8.05,light rain
200,Podgornoye,RU,51.735,39.1496,35.6,80,0,4.47,clear sky
201,Qaanaaq,GL,77.484,-69.3632,2.12,58,100,3.65,overcast clouds
202,Akim Swedru,GH,5.8938,-1.0164,76.28,91,51,3.62,broken clouds
203,Little Current,CA,45.9793,-81.9248,51.8,53,95,2.3,overcast clouds
204,Waingapu,ID,-9.6567,120.2641,72.79,82,100,25.26,overcast clouds
205,Nyurba,RU,63.2842,118.3319,-8.68,99,88,1.48,overcast clouds
206,Northam,GB,51.0333,-4.2167,39.99,67,35,8.99,scattered clouds
207,Hay River,CA,60.8156,-115.7999,42.8,52,100,6.91,overcast clouds
208,Teacapan,MX,22.55,-105.75,79.79,44,0,7.99,clear sky
209,Maicao,CO,11.3832,-72.2432,83.1,63,97,15.48,overcast clouds
210,Solnechnyy,RU,50.7214,136.6319,32.25,85,100,3.69,overcast clouds
211,Carbonia,IT,39.1672,8.5222,52.0,93,0,6.91,clear sky
212,Gohpur,IN,26.8833,93.6333,68.4,34,0,2.53,clear sky
213,Rantepao,ID,-2.9701,119.8978,68.23,84,95,3.22,overcast clouds
214,Alushta,UA,44.6667,34.4167,41.76,69,10,5.66,clear sky
215,Foshan,CN,23.0268,113.1315,72.0,83,90,2.24,overcast clouds
216,Caravelas,BR,-17.7125,-39.2481,75.27,84,93,6.78,overcast clouds
217,Kamenka,RU,51.3223,42.7678,36.0,89,100,4.72,light rain
218,Boddam,GB,57.4667,-1.7833,35.01,80,75,23.02,light snow
219,Panormos,GR,35.4182,24.6909,71.6,37,20,20.71,few clouds
220,Ilulissat,GL,69.2167,-51.1,15.8,79,75,3.44,light snow
221,Harper,LR,4.375,-7.7169,79.88,87,99,4.59,overcast clouds
222,Richards Bay,ZA,-28.783,32.0377,66.16,89,11,4.09,few clouds
223,Katerero,TZ,-1.4,31.7333,63.7,88,73,4.63,broken clouds
224,Portel,BR,-1.9356,-50.8211,75.67,95,100,2.89,overcast clouds
225,Mahajanga,MG,-15.7167,46.3167,78.8,89,20,3.44,light rain
226,Hauterive,FR,46.0901,3.4459,39.2,87,75,16.11,broken clouds
227,Falmouth,GB,50.1544,-5.0711,39.2,65,20,10.36,few clouds
228,Perama,GR,37.9757,23.5828,57.99,82,75,4.61,broken clouds
229,Shimoda,JP,34.6667,138.95,55.0,69,75,3.0,broken clouds
230,Portland,US,45.5234,-122.6762,61.0,35,20,8.05,few clouds
231,Necochea,AR,-38.5473,-58.7368,69.01,78,0,4.0,clear sky
232,Montepuez,MZ,-13.1256,38.9997,66.63,98,44,4.43,scattered clouds
233,Pemberton,CA,50.3164,-122.8027,51.8,32,20,2.3,few clouds
234,Sawtell,AU,-30.3833,153.1,68.0,94,90,6.91,light rain
235,Alta,NO,69.9689,23.2717,35.6,80,90,14.97,light snow
236,Prince Rupert,CA,54.3161,-130.3201,42.8,81,90,4.61,light rain
237,Muncar,ID,-8.4333,114.3333,75.63,89,100,3.87,overcast clouds
238,Adeje,ES,28.1227,-16.726,66.2,68,20,4.61,few clouds
239,Kingston,JM,17.997,-76.7936,82.4,65,40,8.05,scattered clouds
240,Manzhouli,CN,49.6,117.4333,26.78,57,9,12.01,clear sky
241,Khromtau,KZ,50.2503,58.4347,29.19,98,100,11.5,snow
242,Tongliao,CN,43.6125,122.2653,45.55,25,2,6.8,clear sky
243,Sitka,US,57.0531,-135.33,39.2,100,90,10.36,moderate rain
244,Talnakh,RU,69.4865,88.3972,23.88,96,100,8.55,snow
245,Georgetown,MY,5.4112,100.3354,80.01,89,20,2.3,few clouds
246,Bethel,US,41.3712,-73.414,62.6,17,1,11.5,clear sky
247,Jardim,BR,-21.4803,-56.1381,83.55,35,100,1.39,overcast clouds
248,Caxias,PT,38.7031,-9.2767,60.01,63,0,3.44,clear sky
249,Lewistown,US,40.5992,-77.5714,66.2,24,1,6.91,clear sky
250,Teya,RU,60.3778,92.6267,24.49,98,100,3.98,overcast clouds
251,Muroto,JP,33.2833,134.15,51.8,62,75,9.22,broken clouds
252,Byron Bay,AU,-28.65,153.6167,69.8,94,75,6.91,broken clouds
253,Ndele,CF,8.4109,20.6473,79.09,20,5,2.95,clear sky
254,Petropavlovsk-Kamchatskiy,RU,53.0452,158.6483,30.2,64,73,6.71,broken clouds
255,Olden,NO,61.8364,6.8064,33.01,95,100,8.99,snow
256,Kalmunai,LK,7.4167,81.8167,77.85,83,55,1.63,broken clouds
257,Cockburn Town,TC,21.4612,-71.1419,75.2,53,40,13.8,scattered clouds
258,Carutapera,BR,-1.195,-46.02,77.83,90,97,7.56,overcast clouds
259,Alta Floresta,BR,-9.8756,-56.0861,74.48,92,100,1.72,overcast clouds
260,Opuwo,NA,-18.0607,13.84,71.67,42,32,5.86,scattered clouds
261,Denpasar,ID,-8.65,115.2167,80.6,94,20,2.3,heavy intensity rain
262,Quthing,LS,-30.4,27.7003,58.6,50,16,3.56,few clouds
263,Hatsukaichi,JP,34.35,132.3333,53.01,54,40,6.91,scattered clouds
264,Pljevlja,ME,43.3333,19.3333,39.2,52,0,11.5,clear sky
265,Kahului,US,20.8947,-156.47,77.0,73,40,18.41,light rain
266,Bathsheba,BB,13.2167,-59.5167,78.8,69,20,12.66,few clouds
267,Bud,US,39.447,-86.1758,73.4,35,1,3.44,clear sky
268,Masindi,UG,1.6744,31.715,65.07,98,100,1.72,heavy intensity rain
269,Qaqortoq,GL,60.7167,-46.0333,39.2,75,75,1.14,broken clouds
270,Faya,SA,18.3851,42.4509,64.4,27,10,4.61,clear sky
271,Krasnoselkup,RU,65.7,82.4667,27.01,92,100,8.41,overcast clouds
272,Oregon,US,44.0001,-120.5014,50.0,20,1,16.11,clear sky
273,Mulheim-Karlich,DE,50.3833,7.5,34.0,76,62,13.49,broken clouds
274,Upernavik,GL,72.7868,-56.1549,4.57,82,100,4.09,overcast clouds
275,Saint-Pierre,RE,-21.3393,55.4781,78.8,69,0,6.91,clear sky
276,Mar Del Plata,AR,-38.0023,-57.5575,70.0,94,20,10.36,few clouds
277,Pisco,PE,-13.7,-76.2167,71.6,73,0,19.57,clear sky
278,Haines Junction,CA,60.7522,-137.5108,26.6,80,100,3.44,light snow
279,Southbridge,US,42.0751,-72.0334,53.6,22,75,18.41,broken clouds
280,San Rafael,AR,-34.6177,-68.3301,76.12,48,92,7.61,overcast clouds
281,Mirzapur,IN,25.15,82.5833,77.94,9,20,5.7,few clouds
282,Kirksville,US,40.1948,-92.5833,78.8,38,1,14.97,clear sky
283,Longyearbyen,SJ,78.2186,15.6401,12.2,67,40,17.27,scattered clouds
284,Sawakin,SD,19.1059,37.3321,74.52,74,1,5.61,clear sky
285,Vostok,RU,46.4856,135.8833,36.12,62,99,5.06,light rain
286,Shimoni,KE,-4.6476,39.3817,80.83,80,79,11.72,light rain
287,Narsaq,GL,60.9167,-46.05,39.2,75,75,1.14,broken clouds
288,Chapais,CA,49.7834,-74.8492,39.2,33,1,12.66,clear sky
289,Asekeyevo,RU,53.5742,52.7972,30.11,94,79,5.91,broken clouds
290,Cayenne,GF,4.9333,-52.3333,81.0,89,75,4.61,broken clouds
291,Abalak,RU,58.1286,68.5944,32.56,97,100,12.73,light snow
292,Sorland,NO,67.667,12.6934,36.55,96,99,31.61,light rain
293,San Patricio,US,28.017,-97.5169,77.0,69,75,20.71,broken clouds
294,Haicheng,CN,40.8516,122.7475,50.22,40,94,3.62,overcast clouds
295,Rawson,AR,-43.3002,-65.1023,59.97,78,100,20.51,overcast clouds
296,Pevek,RU,69.7008,170.3133,-11.52,98,100,5.32,overcast clouds
297,Ponta Delgada,PT,37.7333,-25.6667,60.8,94,75,10.36,broken clouds
298,Piskivka,UA,50.6938,29.6193,39.0,56,26,8.95,scattered clouds
299,Santa Maria,BR,-29.6842,-53.8069,75.2,78,0,3.44,clear sky
300,Kangaatsiaq,GL,68.3065,-53.4641,21.15,80,100,10.38,overcast clouds
301,Ostersund,SE,63.1792,14.6357,30.0,93,75,19.57,light snow
302,Roald,NO,62.5833,6.1333,37.4,75,90,24.16,overcast clouds
303,Merauke,ID,-8.4667,140.3333,80.82,80,92,5.06,overcast clouds
304,Arandis,NA,-22.4167,14.9667,60.01,93,1,7.0,clear sky
305,Novobiryusinskiy,RU,56.9578,97.7076,29.39,97,95,2.98,overcast clouds
306,Kargil,IN,34.5667,76.1,29.1,73,99,2.35,overcast clouds
307,Nkowakowa,ZA,-23.8878,30.2871,60.8,59,0,5.75,clear sky
308,Kokkola,FI,63.8385,23.1307,30.99,86,0,14.97,clear sky
309,Kyra,RU,49.5776,111.9753,27.64,64,100,3.85,overcast clouds
310,Korla,CN,41.7597,86.1469,51.22,23,83,9.22,broken clouds
311,Tessalit,ML,20.1986,1.0114,82.51,8,15,5.44,few clouds
312,Orlik,RU,52.5178,99.825,14.97,91,100,1.81,overcast clouds
313,Laje,BR,-10.1833,-40.9667,78.01,59,46,9.15,scattered clouds
314,Broome,US,42.2506,-75.833,48.2,29,1,11.5,clear sky
315,Beloha,MG,-25.1667,45.05,67.87,87,0,4.14,clear sky
316,Ancud,CL,-41.8697,-73.8203,62.01,63,90,13.8,moderate rain
317,Boende,CD,-0.2167,20.8667,72.77,93,73,3.65,light rain
318,Isangel,VU,-19.55,169.2667,78.8,78,20,5.75,few clouds
319,Nyrob,RU,60.733,56.7202,13.23,99,94,2.57,overcast clouds
320,Springbok,ZA,-29.6643,17.8865,59.94,67,1,2.71,clear sky
321,Corner Brook,CA,48.9667,-57.9484,51.8,93,90,10.36,overcast clouds
322,Mmabatho,ZA,-25.85,25.6333,60.8,72,16,3.44,few clouds
323,Erdenet,MN,49.0333,104.0833,30.92,61,50,1.99,scattered clouds
324,Porto Belo,BR,-27.1578,-48.5531,73.4,88,20,4.61,few clouds
325,Nizhnyaya Tavda,RU,57.6731,66.1725,33.8,86,100,15.57,overcast clouds
326,Maneromango,TZ,-7.1988,38.7848,69.39,98,100,3.06,light rain
327,Grindavik,IS,63.8424,-22.4338,26.6,86,75,13.8,broken clouds
328,Grand Gaube,MU,-20.0064,57.6608,78.01,79,56,1.99,broken clouds
329,Kawalu,ID,-7.3817,108.2082,71.98,93,100,1.95,overcast clouds
330,Yeppoon,AU,-23.1333,150.7333,75.2,88,90,4.61,overcast clouds
331,Ribnitz-Damgarten,DE,54.25,12.4667,37.0,69,75,17.27,broken clouds
332,Severnyy,RU,50.677,36.5532,37.4,87,0,11.18,clear sky
333,Nikel,RU,69.4128,30.222,35.6,87,40,14.97,scattered clouds
334,Severo-Kurilsk,RU,50.6789,156.125,29.97,87,92,15.86,overcast clouds
335,Alexandria,EG,31.2156,29.9553,62.6,63,0,4.61,clear sky
336,Morehead,US,37.2711,-87.1764,75.2,25,1,4.61,clear sky
337,Quatre Cocos,MU,-20.2078,57.7625,78.8,78,40,6.91,scattered clouds
338,Qianan,CN,44.9932,124.0581,43.38,26,1,10.87,clear sky
339,Lavrentiya,RU,65.5833,-171.0,2.35,88,100,5.21,overcast clouds
340,Galle,LK,6.0367,80.217,78.37,86,70,2.98,broken clouds
341,Novodugino,RU,55.6305,34.2842,33.91,76,28,14.23,scattered clouds
342,Altamira,BR,-3.2033,-52.2064,82.4,83,75,3.44,broken clouds
343,Ketchikan,US,55.3422,-131.6461,42.8,87,90,13.8,light rain
344,Meulaboh,ID,4.1363,96.1285,77.02,88,93,3.69,overcast clouds
345,Yar-Sale,RU,66.8333,70.8333,30.4,98,100,6.87,light snow
346,Castro,BR,-24.7911,-50.0119,62.28,83,87,7.87,overcast clouds
347,Pangoa,PE,-12.1167,-73.0,69.89,97,85,1.68,overcast clouds
348,Lompoc,US,34.6391,-120.4579,57.2,67,100,18.41,overcast clouds
349,Moron,AR,-34.6534,-58.6198,78.01,72,62,1.01,broken clouds
350,Kawai,JP,34.2333,135.85,52.0,71,75,14.97,broken clouds
351,Pavlikeni,BG,43.2428,25.3219,42.8,70,1,11.5,clear sky
352,Rafraf,TN,37.1904,10.1837,57.2,77,20,5.75,few clouds
353,Hami,CN,42.8,93.45,50.99,36,4,6.02,clear sky
354,Zyryanka,RU,65.75,150.85,-1.5,88,100,12.35,overcast clouds
355,Imbituba,BR,-28.24,-48.6703,73.4,83,20,2.3,few clouds
356,Hambantota,LK,6.1241,81.1185,76.69,87,57,6.62,broken clouds
357,Molteno,ZA,-31.3968,26.3625,54.28,85,45,10.31,scattered clouds
358,Gamba,GA,-2.65,10.0,78.71,88,100,5.77,moderate rain
359,Nuuk,GL,64.1835,-51.7216,35.6,93,90,26.46,light rain
360,Puerto Princesa,PH,9.7392,118.7353,78.8,89,40,2.3,scattered clouds
361,Katherine,AU,-14.4667,132.2667,71.6,73,8,5.75,clear sky
362,San Cristobal,VE,7.7669,-72.225,82.4,57,75,6.91,broken clouds
363,La Paz,BO,-16.5,-68.15,50.0,71,75,4.61,broken clouds
364,Auch,FR,43.65,0.5833,48.0,68,25,7.0,scattered clouds
365,Beian,NO,63.6559,9.5683,39.2,70,75,35.68,broken clouds
366,Peterhead,GB,57.5058,-1.7981,35.01,80,75,23.02,light snow
367,Roma,US,43.2128,-75.4557,52.0,40,1,17.27,clear sky
368,Tolbazy,RU,54.0241,55.8825,30.2,86,75,8.95,broken clouds
369,Kruisfontein,ZA,-34.0033,24.7314,60.01,94,100,7.2,overcast clouds
370,Menongue,AO,-14.6585,17.691,69.12,54,79,2.8,broken clouds
371,Chern,RU,53.4523,36.9145,32.52,85,51,7.58,broken clouds
372,Speightstown,BB,13.25,-59.65,78.8,69,20,12.66,few clouds
373,Kushima,JP,31.4583,131.2333,55.4,62,75,3.44,broken clouds
374,Luderitz,NA,-26.6481,15.1594,64.96,77,0,18.32,clear sky
375,Susanville,US,40.4163,-120.653,64.4,14,1,12.66,clear sky
376,Saskylakh,RU,71.9167,114.0833,-10.39,94,79,9.01,broken clouds
377,Tandil,AR,-37.3217,-59.1332,71.01,70,4,1.34,clear sky
378,Port Macquarie,AU,-31.4333,152.9167,71.6,94,75,5.75,light rain
379,Tautira,PF,-17.7333,-149.15,87.8,55,20,10.36,few clouds
380,Nelson Bay,AU,-32.7167,152.15,77.0,88,99,8.05,overcast clouds
381,San Jose,US,37.3394,-121.895,64.0,51,20,17.27,few clouds
382,Qasigiannguit,GL,68.8193,-51.1922,15.8,79,75,3.44,light snow
383,Moose Factory,CA,51.2585,-80.6094,37.4,65,15,9.22,few clouds
384,Ambilobe,MG,-13.2,49.05,73.87,94,100,2.26,overcast clouds
385,Pedasi,PA,7.5333,-80.0333,83.19,66,93,16.8,overcast clouds
386,Bonthe,SL,7.5264,-12.505,79.81,86,2,5.91,clear sky
387,Grand-Bourg,GP,15.8835,-61.3148,78.8,78,20,6.91,few clouds
388,Cairns,AU,-16.9167,145.7667,80.6,74,40,6.91,scattered clouds
389,Fort Dodge,US,42.4975,-94.168,82.4,32,1,24.16,clear sky
390,Trat,TH,12.5,102.5,78.01,99,52,2.37,broken clouds
391,Kitimat,CA,54.0524,-128.6534,46.0,72,100,1.99,overcast clouds
392,Raudeberg,NO,61.9875,5.1352,36.0,84,100,38.05,overcast clouds
393,Bure,ET,10.7,37.0667,66.72,54,97,3.11,overcast clouds
394,Denia,ES,38.8408,0.1057,62.01,68,2,8.77,clear sky
395,Flin Flon,CA,54.7682,-101.865,39.2,60,90,11.5,overcast clouds
396,Doha,QA,25.2867,51.5333,69.8,46,0,8.05,clear sky
397,Ayna,PE,-12.65,-73.9167,69.8,46,40,3.44,scattered clouds
398,Acari,PE,-15.4311,-74.6158,75.72,72,89,4.74,overcast clouds
399,Faanui,PF,-16.4833,-151.75,81.03,72,98,16.93,light rain
400,Mayumba,GA,-3.432,10.6554,77.23,93,98,3.83,heavy intensity rain
401,Nizwa,OM,22.9333,57.5333,75.88,23,2,1.77,clear sky
402,Russell,US,32.3502,-85.1999,77.0,25,1,3.62,clear sky
403,Inhambane,MZ,-23.865,35.3833,69.8,100,0,4.61,clear sky
404,Iskateley,RU,67.6803,53.1512,26.1,90,64,12.93,broken clouds
405,Goma,CD,-1.6792,29.2228,63.86,92,100,1.32,overcast clouds
406,Saint-Georges,GD,12.0564,-61.7485,82.4,74,20,13.8,few clouds
407,Pochutla,MX,15.7432,-96.4661,84.99,54,75,9.22,broken clouds
408,Riyadh,SA,24.6877,46.7219,68.0,21,0,6.91,clear sky
409,Cape Canaveral,US,28.4058,-80.6048,71.01,49,1,5.75,clear sky
410,San Andres,CO,12.5847,-81.7006,82.4,69,90,9.22,overcast clouds
411,Deori Khas,IN,23.4,79.0167,80.92,12,1,3.44,clear sky
412,La Ronge,CA,55.1001,-105.2842,42.8,42,97,11.5,overcast clouds
413,Glenwood Springs,US,39.5505,-107.3248,77.0,25,36,14.97,scattered clouds
414,Vylkove,UA,45.4021,29.586,43.07,80,5,10.02,clear sky
415,Mujiayingzi,CN,42.1167,118.7833,43.56,35,22,1.28,few clouds
416,Urusha,RU,54.05,122.9,9.97,54,0,13.89,clear sky
417,Kalaleh,IR,37.3807,55.4916,60.94,28,0,8.16,clear sky
418,Alenquer,BR,-1.9417,-54.7383,78.8,94,75,4.61,broken clouds
419,Baiao,BR,-2.7906,-49.6717,74.66,96,100,2.33,overcast clouds
420,Wajima,JP,37.4,136.9,48.29,65,100,11.43,overcast clouds
421,Torbay,CA,47.6666,-52.7314,41.0,100,90,10.36,moderate rain
422,Touros,BR,-5.1989,-35.4608,77.0,88,20,4.61,few clouds
423,Mangan,IN,27.5167,88.5333,61.84,34,0,7.85,clear sky
424,Tukrah,LY,32.5341,20.5791,76.15,16,99,20.04,overcast clouds
425,San Quintin,MX,30.4833,-115.95,66.49,63,100,23.31,overcast clouds
426,Huarmey,PE,-10.0681,-78.1522,72.95,80,52,9.42,broken clouds
427,Talaya,RU,61.3833,152.75,8.33,86,100,4.7,overcast clouds
428,Nhulunbuy,AU,-12.2333,136.7667,80.6,74,13,3.31,few clouds
429,Sao Filipe,CV,14.8961,-24.4956,75.88,62,3,7.4,clear sky
430,Kaeo,NZ,-35.1,173.7833,73.0,75,100,5.99,overcast clouds
431,El Porvenir,HN,13.7617,-87.3458,89.6,83,75,11.5,broken clouds
432,Chulym,RU,55.0997,80.9572,35.6,97,95,15.95,overcast clouds
433,Christchurch,NZ,-43.5333,172.6333,64.0,67,20,12.66,few clouds
434,Sioux Lookout,CA,50.1001,-91.917,62.6,31,90,10.36,overcast clouds
435,Ghanzi,BW,-21.5667,21.7833,71.6,38,1,2.01,clear sky
436,Galveston,US,29.3669,-94.9669,73.99,68,1,13.8,clear sky
437,Mackay,AU,-21.15,149.2,75.2,94,75,8.05,broken clouds
438,Belmonte,BR,-15.8631,-38.8828,78.8,69,20,6.91,few clouds
439,Edd,ER,13.9297,41.6925,81.66,48,1,6.46,clear sky
440,Lagoa,PT,39.05,-27.9833,59.88,79,71,14.54,broken clouds
441,Katsuura,JP,35.1333,140.3,51.01,62,17,1.99,few clouds
442,Marau,BR,-28.4492,-52.2,65.89,66,98,1.43,overcast clouds
443,Bar Harbor,US,44.3876,-68.2039,43.0,87,90,14.97,overcast clouds
444,Oum Hadjer,TD,13.2954,19.6966,84.0,13,0,9.98,clear sky
445,Malakal,SS,9.5334,31.6605,86.4,14,8,5.93,clear sky
446,Dehui,CN,44.5333,125.7,35.6,60,0,4.47,clear sky
447,Barcelona,ES,41.3888,2.159,59.0,94,20,12.66,few clouds
448,Beringovskiy,RU,63.05,179.3167,9.07,92,100,18.79,light snow
449,Ilhabela,BR,-23.7781,-45.3581,73.53,82,68,10.22,broken clouds
450,Ulaangom,MN,49.9811,92.0667,32.88,41,0,1.41,clear sky
451,Rudnichnyy,RU,59.617,52.4703,27.48,96,26,5.39,scattered clouds
452,Shangrao,CN,28.4532,117.9686,54.82,80,100,1.5,overcast clouds
453,Tineo,ES,43.3376,-6.4145,51.8,76,90,3.44,overcast clouds
454,Eirunepe,BR,-6.6603,-69.8736,74.95,89,83,1.36,broken clouds
455,Udachnyy,RU,66.4167,112.4,-11.38,98,96,6.89,overcast clouds
456,Kununurra,AU,-15.7667,128.7333,73.4,100,7,1.03,clear sky
457,Port Keats,AU,-14.25,129.55,77.22,64,8,4.25,clear sky
458,Hofn,IS,64.2539,-15.2082,19.76,55,34,14.97,scattered clouds
459,Simao,CN,22.7886,100.9748,54.9,98,100,1.45,light rain
460,Deputatskiy,RU,69.3,139.9,-5.57,95,100,1.74,overcast clouds
461,Dudinka,RU,69.4058,86.1778,28.85,97,100,8.37,light snow
462,Zatoka,UA,46.0725,30.4654,42.8,87,0,13.42,clear sky
463,Spearfish,US,44.4908,-103.8594,64.0,31,1,11.5,clear sky
464,Payson,US,40.0444,-111.7321,69.8,19,75,6.91,broken clouds
465,Liku,ID,-0.7275,119.8922,75.67,89,100,1.25,overcast clouds
466,Ciudad Bolivar,VE,8.1222,-63.5497,85.6,58,100,12.59,overcast clouds
467,Manzanillo,CU,20.3433,-77.1167,77.18,57,64,16.89,broken clouds
468,Swellendam,ZA,-34.0226,20.4417,59.0,94,100,6.91,overcast clouds
469,Binga,ZW,-17.6203,27.3414,69.8,65,0,0.94,clear sky
470,Arkhara,RU,49.4212,130.0842,34.61,71,17,6.89,few clouds
471,Marienburg,PL,54.0359,19.0266,32.0,83,9,13.04,clear sky
472,Potiskum,NG,11.7091,11.0694,80.55,13,5,9.19,clear sky
473,Takaka,NZ,-40.85,172.8,66.99,69,0,5.01,clear sky
474,Wattegama,LK,6.7989,81.4808,72.73,92,94,1.88,overcast clouds
475,Veraval,IN,20.9,70.3667,77.4,76,0,12.08,clear sky
476,Hukuntsi,BW,-24.0,21.75,74.43,34,16,6.96,few clouds
477,Ginir,ET,7.1333,40.7,57.94,85,54,5.46,moderate rain
478,Port Augusta,AU,-32.5,137.7667,60.8,94,0,5.75,clear sky
479,Chepareria,KE,1.3077,35.2039,62.01,86,99,4.14,light rain
480,Upington,ZA,-28.4478,21.2561,73.4,38,15,9.22,few clouds
481,Novovorontsovka,UA,47.5004,33.9175,38.97,76,5,12.17,clear sky
482,Calama,CL,-22.4667,-68.9333,73.4,13,0,23.02,clear sky
483,Paita,PE,-5.0892,-81.1144,77.0,69,75,13.8,broken clouds
484,Pitimbu,BR,-7.4706,-34.8086,77.0,94,20,4.61,few clouds
485,Sao Borja,BR,-28.6606,-56.0044,67.87,97,100,5.1,moderate rain
486,Porkhov,RU,57.765,29.5561,32.0,93,75,6.71,snow
487,Umm Lajj,SA,25.0213,37.2685,76.5,45,0,1.97,clear sky
488,Ushtobe,KZ,45.2514,77.9838,43.09,81,76,5.14,broken clouds
489,Nanortalik,GL,60.1432,-45.2371,35.69,89,100,2.59,overcast clouds
490,Bilma,NE,18.6853,12.9164,79.41,7,0,5.86,clear sky
491,High Level,CA,58.5169,-117.136,46.4,36,75,11.5,broken clouds
492,Fukue,JP,32.6881,128.8419,56.46,63,17,22.88,few clouds
493,Uyuni,BO,-20.4597,-66.825,55.2,28,98,7.99,overcast clouds
494,Dayong,CN,25.0209,118.2898,62.6,39,75,4.47,broken clouds
495,Grafenhainichen,DE,51.7333,12.45,33.01,76,100,4.0,overcast clouds
496,Kalangala,UG,-0.3089,32.225,71.67,78,100,9.64,moderate rain
497,Hobyo,SO,5.3505,48.5268,81.55,70,18,10.71,few clouds
498,Clarence Town,AU,-32.5833,151.7833,77.0,88,94,8.05,overcast clouds
499,Sovetskiy,RU,61.3614,63.5842,29.05,86,100,12.33,overcast clouds
500,El Bordo,CO,2.117,-76.9821,71.85,86,63,0.81,broken clouds
501,Xingtai,CN,37.0631,114.4942,48.34,48,35,1.25,scattered clouds
502,Muisne,EC,0.6,-80.0333,78.8,94,75,5.75,broken clouds
503,Dunedin,NZ,-45.8742,170.5036,62.01,53,7,17.0,clear sky
504,Sambava,MG,-14.2667,50.1667,75.81,89,100,4.59,overcast clouds
505,Borogontsy,RU,62.6683,131.1683,-7.44,97,100,4.34,overcast clouds
506,Alice Springs,AU,-23.7,133.8833,66.2,59,1,5.75,clear sky
507,Bulawayo,ZW,-20.15,28.5833,61.92,72,0,7.31,clear sky
508,Sola,VU,-13.8833,167.55,81.82,72,21,13.62,few clouds
509,Goderich,CA,43.7501,-81.7165,51.8,66,86,14.97,overcast clouds
510,Ngaoundere,CM,7.3167,13.5833,78.06,26,85,1.12,overcast clouds
511,Tatawin,TN,32.9297,10.4518,57.2,82,11,3.2,few clouds
512,Viedma,AR,-40.8135,-62.9967,75.43,51,100,12.62,overcast clouds
513,Bereda,ES,43.2686,-7.5406,45.0,98,27,10.0,scattered clouds
514,Sombrio,BR,-29.1139,-49.6167,69.8,85,100,4.97,overcast clouds
515,Camacha,PT,33.0833,-16.3333,60.8,67,20,2.48,few clouds
516,Kavaratti,IN,10.5669,72.642,82.81,72,48,14.27,scattered clouds
517,Itarema,BR,-2.9248,-39.9167,79.47,82,29,12.08,scattered clouds
518,Tura,IN,25.5198,90.2201,71.31,19,0,3.47,clear sky
519,Mareeba,AU,-17.0,145.4333,80.6,74,40,6.91,scattered clouds
520,Milkovo,RU,54.7167,158.6167,25.61,78,33,0.89,scattered clouds
521,Wodonga,AU,-36.1167,146.8833,68.0,77,0,3.18,clear sky
522,Turayf,SA,31.6725,38.6637,57.2,35,0,6.91,clear sky
523,Elwood,AU,-37.8817,144.983,64.0,67,90,10.36,overcast clouds
524,Saint-Louis,SN,16.3333,-15.0,93.2,24,0,2.3,clear sky
525,Vila Franca Do Campo,PT,37.7167,-25.4333,60.8,94,75,10.36,broken clouds
526,Bryan,US,30.6744,-96.37,75.99,57,90,11.5,overcast clouds
527,Mundwa,IN,27.0667,73.8167,78.15,26,40,10.69,scattered clouds
528,Orbe,CH,46.725,6.5307,37.4,60,90,10.36,light snow
529,Kilindoni,TZ,-7.9139,39.6668,80.4,80,98,10.36,moderate rain
530,Greystones,IE,53.1408,-6.0631,35.01,67,29,1.99,scattered clouds
531,Lazaro Cardenas,MX,17.9583,-102.2,81.91,61,60,10.36,broken clouds
532,Kijang,KR,35.2442,129.2139,44.6,70,0,3.44,clear sky
533,Sumkino,RU,58.1108,68.3244,33.21,97,100,13.8,light snow
534,Cururupu,BR,-1.8283,-44.8683,76.62,93,99,4.09,overcast clouds
535,Doctor Arroyo,MX,23.6667,-100.1833,77.04,18,2,13.31,clear sky
536,Port Blair,IN,11.6667,92.75,80.06,78,29,6.31,scattered clouds
537,Chhatak,BD,25.0333,91.6667,67.89,38,0,5.68,clear sky
538,Berlevag,NO,70.8578,29.0864,35.83,90,100,17.85,overcast clouds
539,Lubyany,RU,56.0378,51.4,35.6,69,0,8.95,clear sky
540,Manta,EC,-0.95,-80.7333,82.4,74,75,4.61,broken clouds
541,San Joaquin,US,37.9333,-121.3011,69.01,45,1,11.5,clear sky
542,Waris Aliganj,IN,25.0167,85.6333,74.84,11,0,5.12,clear sky
543,Oriximina,BR,-1.7656,-55.8661,77.41,87,100,2.62,overcast clouds
544,Sembabule,UG,-0.0772,31.4567,63.48,87,95,1.45,overcast clouds
545,Tuatapere,NZ,-46.1333,167.6833,61.0,71,48,5.01,scattered clouds
546,Dauriya,RU,49.9333,116.8667,26.02,60,8,8.34,clear sky
547,Santa Cruz,BO,-17.8,-63.1667,80.6,69,75,11.5,heavy intensity rain
548,Shetpe,KZ,44.1667,52.1167,57.0,34,4,28.81,clear sky
549,Hashtrud,IR,37.4779,47.0508,43.97,64,12,10.36,few clouds
550,Chachapoyas,PE,-6.2317,-77.869,57.31,93,76,3.36,light rain
551,Dzaoudzi,YT,-12.7887,45.2699,82.4,78,0,6.91,moderate rain
552,Port Hardy,CA,50.6996,-127.4199,48.2,66,20,16.11,few clouds
553,Stawell,AU,-37.05,142.7667,56.88,73,4,14.45,clear sky
554,Abha,SA,18.2164,42.5053,64.4,27,9,4.61,clear sky
555,Ust-Kuyga,RU,70.0167,135.6,-14.17,94,100,2.82,overcast clouds
556,Kurilsk,RU,45.2333,147.8833,30.88,65,3,5.06,clear sky
557,Kota Kinabalu,MY,5.9749,116.0724,75.2,88,20,5.75,few clouds
558,Dakar,SN,14.6937,-17.4441,69.8,78,0,11.5,clear sky
559,Lata,PT,40.1629,-8.3327,57.99,76,12,0.72,few clouds
560,Ballina,AU,-28.8667,153.5667,69.8,94,75,6.91,light rain
561,Tecoanapa,MX,16.5167,-98.75,84.6,52,0,10.45,clear sky
562,Anadyr,RU,64.75,177.4833,-4.0,77,0,11.18,clear sky
563,Willmar,US,45.1219,-95.0433,84.2,24,1,12.1,clear sky
564,Avera,US,33.194,-82.5271,78.8,22,1,4.61,clear sky
565,Neuquen,AR,-38.9516,-68.0591,75.2,60,0,6.22,clear sky
566,Bequimao,BR,-2.4489,-44.7825,82.4,83,0,8.05,clear sky
567,Almaznyy,RU,48.0448,40.045,39.2,93,75,13.42,light rain
568,Texarkana,US,33.4251,-94.0477,77.0,44,75,9.22,broken clouds
569,Baraboo,US,43.4711,-89.7443,73.4,40,1,17.27,clear sky
570,Linxia,CN,35.6003,103.2064,41.47,69,2,4.03,clear sky
571,Sparta,US,43.9441,-90.8129,77.0,46,81,14.97,broken clouds
572,Saldanha,ZA,-33.0117,17.9442,59.0,82,7,6.91,clear sky
573,Mitsamiouli,KM,-11.3847,43.2844,82.29,73,100,4.03,overcast clouds
574,Baghdad,IQ,33.3406,44.4009,64.4,42,0,4.61,clear sky
575,Paamiut,GL,61.994,-49.6678,34.97,90,100,6.69,overcast clouds
576,Nalut,LY,30.3333,10.85,58.86,67,0,16.49,clear sky
577,Xingyi,CN,24.1877,102.817,50.52,94,100,1.54,light rain
578,Mogok,MM,22.9167,96.5,57.54,77,89,2.35,overcast clouds
579,Emmett,US,43.8735,-116.4993,46.99,76,84,5.99,light rain
580,Xai-Xai,MZ,-25.0519,33.6442,67.33,79,0,3.2,clear sky
581,Beyneu,KZ,45.3167,55.2,57.06,37,17,21.79,few clouds
582,Braganca,BR,-1.0536,-46.7656,76.32,93,87,3.62,overcast clouds
583,Valley City,US,46.9233,-98.0032,66.2,32,1,21.85,clear sky
584,Levelland,US,33.5873,-102.378,82.99,28,40,21.85,scattered clouds
585,Viesca,MX,25.35,-102.8,89.6,19,1,12.46,clear sky
586,College,US,64.8569,-147.8028,10.99,56,75,14.97,light snow
587,Sarangani,PH,5.4033,125.4636,81.7,74,35,5.66,scattered clouds
588,Sokolskoye,RU,57.1412,43.1589,28.71,97,26,11.03,scattered clouds
589,Tooele,US,40.5308,-112.2983,69.8,23,75,19.57,broken clouds
590,Dubbo,AU,-32.25,148.6167,69.8,73,0,9.22,clear sky
591,Aklavik,CA,68.2191,-135.0107,-0.4,60,90,19.57,snow
592,Olinda,BR,-8.0089,-34.8553,78.8,69,40,8.05,scattered clouds
593,Fare,PF,-16.7,-151.0167,81.19,68,93,17.78,overcast clouds
594,Zhanakorgan,KZ,43.9098,67.2495,48.96,64,30,4.09,scattered clouds
595,Disna,BY,55.568,28.1971,37.18,96,100,14.54,light rain
596,Nioaque,BR,-21.1353,-55.83,83.59,37,99,1.66,overcast clouds
597,Bedele,ET,8.456,36.353,61.81,68,83,1.48,broken clouds
598,Auki,SB,-8.7676,160.7034,85.32,69,67,5.5,broken clouds
599,Mayor Pablo Lagerenza,PY,-19.9309,-60.7718,74.34,88,89,8.72,overcast clouds
600,Redmond,US,47.674,-122.1215,57.0,53,16,4.07,few clouds
601,Graaff-Reinet,ZA,-32.2522,24.5308,60.01,89,75,4.0,light rain
602,Falam,MM,22.9167,93.6833,54.79,66,3,2.59,clear sky
603,Sandpoint,US,48.2766,-116.5533,57.99,46,1,8.05,clear sky
604,Lakes Entrance,AU,-37.8811,147.981,61.0,84,99,1.01,overcast clouds
605,San Juan,AR,-31.5375,-68.5364,81.45,36,25,9.48,scattered clouds
606,Chihuahua,MX,28.5,-106.0,87.8,18,75,16.11,broken clouds
607,Westport,US,41.1415,-73.3579,64.4,17,1,18.41,clear sky
608,Corsicana,US,32.0954,-96.4689,75.2,53,40,12.66,scattered clouds
609,Salinas,US,36.6777,-121.6555,57.2,62,75,13.8,broken clouds
610,Cocachacra,PE,-17.0883,-71.7575,70.93,82,85,4.41,overcast clouds
611,Puerto Escondido,MX,15.85,-97.0667,84.07,59,0,5.32,clear sky
612,Kungurtug,RU,50.5994,97.5228,18.57,84,14,2.15,few clouds
613,Yashkul,RU,46.1711,45.3435,47.97,84,100,27.67,overcast clouds
614,Kahama,TZ,-3.8333,32.6,62.83,95,97,2.44,overcast clouds
615,Bara,NG,10.3744,10.7288,82.89,16,55,6.71,broken clouds
616,Kamloops,CA,50.6665,-120.3192,62.01,26,20,3.44,few clouds
617,Ambulu,ID,-8.345,113.6058,75.31,88,100,1.92,overcast clouds
618,Flinders,AU,-34.5833,150.8552,73.0,88,57,1.01,broken clouds
619,Assare,BR,-6.8744,-39.875,71.91,88,96,0.98,overcast clouds
620,Donauworth,DE,48.7,10.8,30.0,79,84,3.0,broken clouds
621,Sanvordem,IN,15.2667,74.1167,73.83,92,20,2.53,few clouds
622,Sijunjung,ID,-0.6876,100.9537,70.0,88,100,1.72,overcast clouds
623,Lakatoro,VU,-16.0999,167.4164,81.73,75,72,13.71,broken clouds
624,Baherden,TM,38.4362,57.4316,59.45,38,0,9.75,clear sky
625,Onega,RU,63.9061,38.1404,37.38,82,100,13.73,light rain
626,Kaiyuan,CN,23.6977,103.3037,56.93,95,100,3.51,overcast clouds
627,Namatanai,PG,-3.6667,152.4333,81.32,78,99,1.95,light rain
628,Port Lincoln,AU,-34.7333,135.8667,64.69,74,26,11.23,light rain
629,Mariinsk,RU,56.2139,87.7472,34.52,84,87,7.4,overcast clouds
630,Along,IN,28.1667,94.7667,59.38,55,0,2.3,clear sky
631,Puerto Del Rosario,ES,28.5004,-13.8627,64.4,68,0,8.05,clear sky
632,Irbil,IQ,36.1926,44.0106,53.6,54,17,3.38,few clouds
633,Muros,ES,42.7762,-9.0603,54.0,75,0,10.11,clear sky
634,Salekhard,RU,66.53,66.6019,17.92,90,97,7.31,overcast clouds
635,Champerico,GT,14.3,-91.9167,87.8,70,40,6.91,scattered clouds
636,Kloulklubed,PW,7.0419,134.2556,82.4,78,75,3.44,broken clouds
637,Lokosovo,RU,61.1333,74.8167,33.76,98,100,7.87,overcast clouds
638,Ylivieska,FI,64.0833,24.55,30.99,86,59,7.0,broken clouds
639,Sibolga,ID,1.7427,98.7792,76.1,85,98,3.15,overcast clouds
640,Poum,NC,-20.2333,164.0167,80.04,69,73,21.77,broken clouds
641,Cam Ranh,VN,11.9214,109.1591,75.2,88,20,2.3,few clouds
642,Banjar,ID,-8.19,114.9675,80.6,94,20,2.3,light rain
643,Damascus,SY,33.5102,36.2913,48.2,61,0,5.75,clear sky
644,Klyuchevskiy,RU,53.5317,119.4519,13.17,49,3,2.82,clear sky
645,Shieli,KZ,44.1667,66.75,48.63,68,34,6.24,scattered clouds
646,Mahanoro,MG,-19.9,48.8,75.11,91,33,3.11,light rain
647,Tambura,SS,5.6,27.4667,82.38,41,88,3.15,overcast clouds
648,Tocopilla,CL,-22.092,-70.1979,70.92,76,19,10.71,few clouds
649,Barabai,ID,-2.5833,115.3833,73.87,96,100,0.92,overcast clouds
650,Gorom-Gorom,BF,14.4439,-0.2361,87.66,6,11,6.96,few clouds
651,Bafra,TR,41.5678,35.9069,46.4,87,75,4.61,broken clouds
652,Inverness,GB,57.4791,-4.224,33.8,69,40,13.8,scattered clouds
653,Masalli,KR,34.7959,126.6553,46.4,81,0,3.44,clear sky
654,Vardo,NO,70.3705,31.1107,35.6,93,75,13.8,light rain
655,Mecca,SA,21.4267,39.8261,77.67,55,0,1.7,clear sky
656,Pauini,BR,-7.7136,-66.9764,75.2,97,93,0.98,overcast clouds
657,Kushiro,JP,42.975,144.3747,33.8,60,0,2.3,clear sky
658,San Fernando,PH,15.0286,120.6898,77.0,83,75,2.3,broken clouds
659,Acapulco,MX,16.8634,-99.8901,84.2,65,40,9.22,scattered clouds
660,Waimana,NZ,-38.15,177.0833,73.99,65,94,1.99,overcast clouds
661,La Palma,US,33.8464,-118.0467,72.0,46,75,8.05,broken clouds
662,Kanniyakumari,IN,8.0833,77.5667,80.01,79,37,5.7,scattered clouds
663,Ewa Beach,US,21.3156,-158.0072,80.6,50,1,16.11,clear sky
664,Yaan,NG,7.3833,8.5667,87.57,46,40,11.95,scattered clouds
665,Labytnangi,RU,66.6572,66.4183,17.01,89,97,6.96,overcast clouds
666,Kenai,US,60.5544,-151.2583,33.8,40,1,5.75,clear sky
667,Axim,GH,4.8699,-2.2405,79.5,90,63,4.45,broken clouds
668,Bharatpur,IN,27.2167,77.4833,83.17,11,98,7.87,overcast clouds
669,Jiaonan,CN,35.8786,119.9753,55.0,57,0,2.24,clear sky
670,Camopi,GF,3.1655,-52.3158,73.74,98,100,3.11,overcast clouds
671,Saint-Joseph,RE,-21.3667,55.6167,78.8,69,0,6.91,clear sky
672,Sendhwa,IN,21.6833,75.1,79.57,31,0,4.03,clear sky
673,Khani,GE,41.9563,42.9566,50.0,93,90,16.11,overcast clouds
674,Japura,ID,-0.3167,102.35,74.79,97,100,2.21,overcast clouds
675,Zenzeli,RU,45.9241,47.0474,50.11,74,100,11.05,overcast clouds
676,Isla Vista,US,34.4133,-119.861,75.99,56,1,6.91,clear sky
677,Vargashi,RU,55.3556,65.8467,28.92,88,19,14.12,few clouds
678,Camocim,BR,-2.9022,-40.8411,79.05,84,81,14.0,broken clouds
679,Kurumkan,RU,54.3,110.3,20.46,78,32,2.89,scattered clouds
680,Hervey Bay,AU,-25.2986,152.8535,75.0,91,78,4.0,broken clouds
681,Warrington,GB,53.3925,-2.5802,41.0,60,90,13.8,overcast clouds
682,Jumla,NP,29.2747,82.1838,44.74,55,60,3.98,broken clouds
683,Segezha,RU,63.7415,34.3222,36.84,85,100,19.39,overcast clouds
684,Amapa,BR,1.0,-52.0,73.51,98,100,2.75,very heavy rain
685,Halifax,CA,44.6453,-63.5724,42.01,87,88,11.5,overcast clouds
686,Ahipara,NZ,-35.1667,173.1667,69.94,65,99,7.4,overcast clouds
687,Dwarka,IN,22.2394,68.9678,78.85,75,3,9.95,clear sky
688,Bundaberg,AU,-24.85,152.35,75.2,88,40,10.36,scattered clouds
689,Half Moon Bay,US,37.4636,-122.4286,59.0,67,75,12.66,broken clouds
690,Mandan,US,46.8267,-100.8896,62.6,29,1,14.97,clear sky
691,Saint-Francois,FR,46.4154,3.9054,37.99,67,100,8.01,overcast clouds
692,Micheweni,TZ,-4.9667,39.8333,80.98,79,94,9.73,light rain
693,Naze,JP,28.3667,129.4833,64.4,63,75,5.75,broken clouds
694,Srivardhan,IN,18.0333,73.0167,77.83,73,5,6.89,clear sky
695,Jasdan,IN,22.0333,71.2,73.0,36,0,11.41,clear sky
696,Aquin,HT,18.2833,-73.4,77.05,80,80,8.12,broken clouds
697,Lingao,CN,19.9103,109.6859,73.06,93,47,9.44,scattered clouds
698,Praia Da Vitoria,PT,38.7333,-27.0667,59.0,88,40,10.47,scattered clouds
